startTime,requestType,latency,responseCode
1733358832914,POST,578,200
1733358832914,POST,585,200
1733358832915,POST,682,Null
1733358832914,POST,691,Null
1733358832915,POST,695,Null
1733358832914,POST,696,Null
1733358832914,POST,698,Null
1733358832912,POST,705,Null
1733358832913,POST,704,Null
1733358832913,POST,715,Null
1733358832912,POST,716,Null
1733358832912,POST,717,Null
1733358832913,POST,716,Null
1733358833499,POST,131,Null
1733358832912,POST,718,Null
1733358832914,POST,718,Null
1733358832915,POST,722,Null
1733358832912,POST,725,Null
1733358832914,POST,723,Null
1733358832914,POST,723,Null
1733358832912,POST,725,Null
1733358832912,POST,725,Null
1733358832912,POST,725,Null
1733358832913,POST,725,Null
1733358832912,POST,731,Null
1733358832912,POST,731,Null
1733358832912,POST,731,Null
1733358833610,POST,36,200
1733358832912,POST,734,Null
1733358832912,POST,735,Null
1733358833499,POST,151,Null
1733358832913,POST,742,Null
1733358832912,POST,746,Null
1733358833637,POST,27,200
1733358833637,POST,27,200
1733358832912,POST,757,Null
1733358833646,POST,24,200
1733358832914,POST,764,Null
1733358833605,POST,108,Null
1733358833612,POST,118,Null
1733358833597,POST,133,Null
1733358833610,POST,127,Null
1733358833617,POST,123,Null
1733358833629,POST,111,Null
1733358833628,POST,112,Null
1733358833632,POST,108,Null
1733358833629,POST,115,Null
1733358833643,POST,101,Null
1733358833637,POST,107,Null
1733358833630,POST,114,Null
1733358833638,POST,110,Null
1733358833617,POST,131,Null
1733358833630,POST,118,Null
1733358833637,POST,116,Null
1733358833730,POST,23,200
1733358833637,POST,116,Null
1733358833646,POST,108,Null
1733358833637,POST,121,Null
1733358833643,POST,115,Null
1733358833740,POST,26,200
1733358833655,POST,111,Null
1733358833628,POST,141,Null
1733358833637,POST,132,Null
1733358833658,POST,114,Null
1733358833643,POST,129,Null
1733358833744,POST,30,200
1733358833664,POST,112,Null
1733358833664,POST,112,Null
1733358833647,POST,132,Null
1733358833670,POST,109,Null
1733358833669,POST,121,Null
1733358833650,POST,140,Null
1733358833678,POST,116,Null
1733358833737,POST,109,Null
1733358833740,POST,110,Null
1733358833744,POST,106,Null
1733358833740,POST,113,Null
1733358833740,POST,117,Null
1733358833730,POST,129,Null
1733358833713,POST,150,Null
1733358833748,POST,115,Null
1733358833753,POST,118,Null
1733358833758,POST,115,Null
1733358833754,POST,122,Null
1733358833744,POST,132,Null
1733358833766,POST,110,Null
1733358833748,POST,129,Null
1733358833772,POST,109,Null
1733358833753,POST,128,Null
1733358833748,POST,133,Null
1733358833758,POST,126,Null
1733358833769,POST,115,Null
1733358833769,POST,115,Null
1733358833766,POST,120,Null
1733358833753,POST,133,Null
1733358833744,POST,144,Null
1733358833776,POST,119,Null
1733358833779,POST,119,Null
1733358833876,POST,25,200
1733358833776,POST,125,Null
1733358833774,POST,129,Null
1733358833772,POST,138,Null
1733358833794,POST,117,Null
1733358833790,POST,123,Null
1733358833779,POST,157,Null
1733358833790,POST,152,Null
1733358833846,POST,105,Null
1733358833850,POST,116,Null
1733358833859,POST,116,Null
1733358833863,POST,112,Null
1733358833853,POST,122,Null
1733358833850,POST,125,Null
1733358833871,POST,111,Null
1733358833863,POST,123,Null
1733358833857,POST,140,Null
1733358833881,POST,120,Null
1733358833881,POST,120,Null
1733358833873,POST,128,Null
1733358833884,POST,121,Null
1733358833877,POST,128,Null
1733358833888,POST,117,Null
1733358833876,POST,129,Null
1733358833881,POST,130,Null
1733358833884,POST,127,Null
1733358833876,POST,135,Null
1733358833886,POST,136,Null
1733358833901,POST,126,Null
1733358833898,POST,129,Null
1733358833911,POST,116,Null
1733358834001,POST,28,200
1733358833913,POST,120,Null
1733358833884,POST,150,Null
1733358833895,POST,149,Null
1733358833901,POST,150,Null
1733358833910,POST,144,Null
1733358833886,POST,172,Null
1733358833936,POST,122,Null
1733358833903,POST,159,Null
1733358833951,POST,115,Null
1733358833966,POST,110,Null
1733358833982,POST,106,Null
1733358833975,POST,119,Null
1733358833975,POST,127,Null
1733358833975,POST,127,Null
1733358833942,POST,160,Null
1733358833997,POST,115,Null
1733358833986,POST,126,Null
1733358834002,POST,117,Null
1733358833975,POST,146,Null
1733358834102,POST,24,200
1733358834005,POST,122,Null
1733358834002,POST,132,Null
1733358834011,POST,123,Null
1733358834005,POST,129,Null
1733358834011,POST,125,Null
1733358834029,POST,112,Null
1733358834005,POST,136,Null
1733358834022,POST,119,Null
1733358834005,POST,136,Null
1733358834027,POST,119,Null
1733358834127,POST,23,200
1733358834011,POST,139,Null
1733358834027,POST,123,Null
1733358834033,POST,122,Null
1733358834027,POST,137,Null
1733358834044,POST,120,Null
1733358834054,POST,113,Null
1733358834051,POST,116,Null
1733358834034,POST,133,Null
1733358834058,POST,118,Null
1733358834062,POST,116,Null
1733358834058,POST,127,Null
1733358834094,POST,108,Null
1733358834066,POST,140,Null
1733358834102,POST,104,Null
1733358834088,POST,118,Null
1733358834076,POST,143,Null
1733358834112,POST,107,Null
1733358834119,POST,103,Null
1733358834112,POST,114,Null
1733358834121,POST,110,Null
1733358834102,POST,129,Null
1733358834141,POST,97,Null
1733358834134,POST,104,Null
1733358834136,POST,103,Null
1733358834134,POST,105,Null
1733358834134,POST,110,Null
1733358834126,POST,118,Null
1733358834141,POST,109,Null
1733358834141,POST,112,Null
1733358834146,POST,122,Null
1733358834164,POST,104,Null
1733358834150,POST,120,Null
1733358834164,POST,111,Null
1733358834150,POST,125,Null
1733358834141,POST,134,Null
1733358834155,POST,120,Null
1733358834167,POST,108,Null
1733358834150,POST,125,Null
1733358834167,POST,108,Null
1733358834167,POST,125,Null
1733358834185,POST,107,Null
1733358834179,POST,120,Null
1733358834270,POST,29,200
1733358834176,POST,125,Null
1733358834275,POST,32,200
1733358834206,POST,108,Null
1733358834206,POST,108,Null
1733358834202,POST,118,Null
1733358834219,POST,107,Null
1733358834206,POST,120,Null
1733358834219,POST,108,Null
1733358834222,POST,110,Null
1733358834226,POST,111,Null
1733358834238,POST,103,Null
1733358834239,POST,110,Null
1733358834238,POST,111,Null
1733358834244,POST,108,Null
1733358834250,POST,102,Null
1733358834239,POST,114,Null
1733358834231,POST,122,Null
1733358834244,POST,116,Null
1733358834231,POST,134,Null
1733358834341,POST,25,200
1733358834268,POST,106,Null
1733358834253,POST,121,Null
1733358834268,POST,110,Null
1733358834352,POST,26,200
1733358834275,POST,106,Null
1733358834353,POST,28,200
1733358834275,POST,106,Null
1733358834275,POST,108,Null
1733358834275,POST,124,Null
1733358834275,POST,125,Null
1733358834275,POST,126,Null
1733358834292,POST,115,Null
1733358834301,POST,110,Null
1733358834292,POST,119,Null
1733358834299,POST,121,Null
1733358834307,POST,117,Null
1733358834299,POST,125,Null
1733358834400,POST,27,200
1733358834320,POST,107,Null
1733358834314,POST,116,Null
1733358834314,POST,116,Null
1733358834327,POST,108,Null
1733358834407,POST,28,200
1733358834326,POST,114,Null
1733358834326,POST,117,Null
1733358834332,POST,114,Null
1733358834430,POST,20,200
1733358834430,POST,24,200
1733358834349,POST,112,Null
1733358834349,POST,117,Null
1733358834366,POST,107,Null
1733358834337,POST,136,Null
1733358834365,POST,108,Null
1733358834360,POST,113,Null
1733358834352,POST,123,Null
1733358834454,POST,24,200
1733358834353,POST,130,Null
1733358834378,POST,114,Null
1733358834374,POST,118,Null
1733358834378,POST,114,Null
1733358834381,POST,111,Null
1733358834466,POST,29,200
1733358834383,POST,115,Null
1733358834381,POST,117,Null
1733358834374,POST,124,Null
1733358834381,POST,120,Null
1733358834401,POST,106,Null
1733358834399,POST,113,Null
1733358834498,POST,24,200
1733358834411,POST,111,Null
1733358834411,POST,117,Null
1733358834420,POST,108,Null
1733358834427,POST,101,Null
1733358834424,POST,110,Null
1733358834424,POST,110,Null
1733358834427,POST,110,Null
1733358834440,POST,102,Null
1733358834435,POST,115,Null
1733358834435,POST,118,Null
1733358834443,POST,110,Null
1733358834446,POST,107,Null
1733358834450,POST,115,Null
1733358834461,POST,111,Null
1733358834473,POST,106,Null
1733358834473,POST,106,Null
1733358834473,POST,110,Null
1733358834473,POST,112,Null
1733358834478,POST,115,Null
1733358834475,POST,118,Null
1733358834483,POST,114,Null
1733358834495,POST,102,Null
1733358834492,POST,106,Null
1733358834492,POST,106,Null
1733358834492,POST,106,Null
1733358834492,POST,107,Null
1733358834498,POST,109,Null
1733358834498,POST,109,Null
1733358834507,POST,100,Null
1733358834512,POST,110,Null
1733358834501,POST,129,Null
1733358834522,POST,108,Null
1733358834522,POST,110,Null
1733358834528,POST,104,Null
1733358834528,POST,106,Null
1733358834534,POST,103,Null
1733358834528,POST,114,Null
1733358834542,POST,104,Null
1733358834622,POST,27,200
1733358834537,POST,112,Null
1733358834534,POST,115,Null
1733358834550,POST,103,Null
1733358834630,POST,26,200
1733358834553,POST,115,Null
1733358834553,POST,115,Null
1733358834553,POST,121,Null
1733358834572,POST,102,Null
1733358834579,POST,118,Null
1733358834565,POST,132,Null
1733358834583,POST,114,Null
1733358834585,POST,113,Null
1733358834593,POST,105,Null
1733358834597,POST,106,Null
1733358834597,POST,106,Null
1733358834598,POST,105,Null
1733358834598,POST,118,Null
1733358834598,POST,118,Null
1733358834579,POST,140,Null
1733358834593,POST,126,Null
1733358834607,POST,112,Null
1733358834599,POST,123,Null
1733358834607,POST,116,Null
1733358834703,POST,25,200
1733358834607,POST,121,Null
1733358834703,POST,25,200
1733358834632,POST,112,Null
1733358834630,POST,118,Null
1733358834637,POST,111,Null
1733358834634,POST,117,Null
1733358834632,POST,119,Null
1733358834646,POST,114,Null
1733358834649,POST,114,Null
1733358834649,POST,116,Null
1733358834642,POST,123,Null
1733358834653,POST,117,Null
1733358834656,POST,116,Null
1733358834649,POST,123,Null
1733358834668,POST,117,Null
1733358834765,POST,21,200
1733358834674,POST,119,Null
1733358834674,POST,119,Null
1733358834668,POST,125,Null
1733358834697,POST,106,Null
1733358834703,POST,110,Null
1733358834698,POST,115,Null
1733358834716,POST,103,Null
1733358834793,POST,30,200
1733358834697,POST,126,Null
1733358834697,POST,126,Null
1733358834698,POST,125,Null
1733358834716,POST,107,Null
1733358834719,POST,111,Null
1733358834728,POST,102,Null
1733358834719,POST,111,Null
1733358834719,POST,112,Null
1733358834728,POST,103,Null
1733358834723,POST,113,Null
1733358834728,POST,108,Null
1733358834723,POST,113,Null
1733358834819,POST,24,200
1733358834744,POST,106,Null
1733358834748,POST,103,Null
1733358834748,POST,109,Null
1733358834751,POST,106,Null
1733358834751,POST,106,Null
1733358834760,POST,103,Null
1733358834763,POST,100,Null
1733358834843,POST,24,200
1733358834772,POST,99,Null
1733358834765,POST,106,Null
1733358834770,POST,101,Null
1733358834772,POST,112,Null
1733358834786,POST,108,Null
1733358834871,POST,25,200
1733358834793,POST,107,Null
1733358834803,POST,104,Null
1733358834793,POST,126,Null
1733358834785,POST,134,Null
1733358834813,POST,106,Null
1733358834830,POST,96,Null
1733358834823,POST,103,Null
1733358834823,POST,103,Null
1733358834823,POST,103,Null
1733358834823,POST,105,Null
1733358834823,POST,105,Null
1733358834830,POST,103,Null
1733358834831,POST,102,Null
1733358834836,POST,97,Null
1733358834813,POST,123,Null
1733358834830,POST,106,Null
1733358834836,POST,102,Null
1733358834836,POST,102,Null
1733358834831,POST,107,Null
1733358834850,POST,98,Null
1733358834926,POST,23,200
1733358834851,POST,101,Null
1733358834928,POST,24,200
1733358834857,POST,95,Null
1733358834933,POST,21,200
1733358834933,POST,21,200
1733358834857,POST,97,Null
1733358834938,POST,22,200
1733358834857,POST,105,Null
1733358834863,POST,102,Null
1733358834867,POST,106,Null
1733358834863,POST,110,Null
1733358834954,POST,22,200
1733358834871,POST,112,Null
1733358834871,POST,112,Null
1733358834884,POST,111,Null
1733358834973,POST,24,200
1733358834896,POST,109,Null
1733358834900,POST,105,Null
1733358834894,POST,111,Null
1733358834983,POST,26,200
1733358834907,POST,110,Null
1733358834926,POST,97,Null
1733358834926,POST,100,Null
1733358834919,POST,107,Null
1733358834919,POST,128,Null
1733358834936,POST,113,Null
1733358834919,POST,130,Null
1733358834936,POST,116,Null
1733358834938,POST,114,Null
1733358834938,POST,114,Null
1733358834933,POST,122,Null
1733358834926,POST,129,Null
1733358834928,POST,127,Null
1733358835026,POST,30,200
1733358834954,POST,115,Null
1733358834965,POST,104,Null
1733358834952,POST,117,Null
1733358834952,POST,120,Null
1733358834948,POST,124,Null
1733358834952,POST,120,Null
1733358834949,POST,124,Null
1733358834962,POST,114,Null
1733358834960,POST,116,Null
1733358834954,POST,126,Null
1733358834973,POST,121,Null
1733358834976,POST,118,Null
1733358834983,POST,114,Null
1733358835080,POST,20,200
1733358835005,POST,107,Null
1733358834995,POST,117,Null
1733358834997,POST,115,Null
1733358835005,POST,114,Null
1733358835005,POST,115,Null
1733358835009,POST,114,Null
1733358835017,POST,112,Null
1733358835023,POST,106,Null
1733358835026,POST,114,Null
1733358835049,POST,100,Null
1733358835047,POST,102,Null
1733358835129,POST,20,200
1733358835055,POST,106,Null
1733358835056,POST,106,Null
1733358835052,POST,110,Null
1733358835055,POST,107,Null
1733358835052,POST,110,Null
1733358835049,POST,115,Null
1733358835052,POST,112,Null
1733358835055,POST,114,Null
1733358835149,POST,22,200
1733358835069,POST,102,Null
1733358835069,POST,102,Null
1733358835069,POST,111,Null
1733358835072,POST,113,Null
1733358835072,POST,113,Null
1733358835076,POST,109,Null
1733358835072,POST,113,Null
1733358835073,POST,112,Null
1733358835161,POST,26,200
1733358835171,POST,20,200
1733358835076,POST,115,Null
1733358835162,POST,33,200
1733358835112,POST,96,Null
1733358835097,POST,111,Null
1733358835185,POST,23,200
1733358835094,POST,114,Null
1733358835112,POST,100,Null
1733358835094,POST,118,Null
1733358835112,POST,100,Null
1733358835100,POST,120,Null
1733358835120,POST,105,Null
1733358835123,POST,104,Null
1733358835119,POST,114,Null
1733358835129,POST,110,Null
1733358835225,POST,22,200
1733358835233,POST,22,200
1733358835149,POST,110,Null
1733358835149,POST,110,Null
1733358835140,POST,121,Null
1733358835162,POST,99,Null
1733358835164,POST,105,Null
1733358835164,POST,108,Null
1733358835169,POST,103,Null
1733358835171,POST,105,Null
1733358835162,POST,116,Null
1733358835171,POST,107,Null
1733358835180,POST,98,Null
1733358835162,POST,122,Null
1733358835185,POST,99,Null
1733358835185,POST,101,Null
1733358835185,POST,101,Null
1733358835185,POST,106,Null
1733358835191,POST,100,Null
1733358835187,POST,107,Null
1733358835191,POST,105,Null
1733358835195,POST,107,Null
1733358835208,POST,94,Null
1733358835208,POST,98,Null
1733358835212,POST,94,Null
1733358835208,POST,104,Null
1733358835291,POST,21,200
1733358835212,POST,100,Null
1733358835212,POST,107,Null
1733358835220,POST,103,Null
1733358835208,POST,120,Null
1733358835227,POST,103,Null
1733358835239,POST,99,Null
1733358835247,POST,100,Null
1733358835255,POST,94,Null
1733358835259,POST,103,Null
1733358835272,POST,90,Null
1733358835261,POST,104,Null
1733358835261,POST,104,Null
1733358835272,POST,95,Null
1733358835269,POST,98,Null
1733358835259,POST,108,Null
1733358835276,POST,96,Null
1733358835278,POST,95,Null
1733358835278,POST,95,Null
1733358835278,POST,100,Null
1733358835284,POST,94,Null
1733358835284,POST,98,Null
1733358835286,POST,99,Null
1733358835286,POST,101,Null
1733358835365,POST,22,200
1733358835294,POST,95,Null
1733358835365,POST,24,200
1733358835302,POST,92,Null
1733358835291,POST,103,Null
1733358835296,POST,102,Null
1733358835306,POST,97,Null
1733358835302,POST,101,Null
1733358835306,POST,99,Null
1733358835312,POST,100,Null
1733358835312,POST,101,Null
1733358835319,POST,94,Null
1733358835394,POST,25,200
1733358835323,POST,96,Null
1733358835312,POST,108,Null
1733358835328,POST,100,Null
1733358835330,POST,98,Null
1733358835338,POST,91,Null
1733358835413,POST,27,200
1733358835349,POST,95,Null
1733358835347,POST,99,Null
1733358835419,POST,27,200
1733358835428,POST,21,200
1733358835362,POST,99,Null
1733358835362,POST,99,Null
1733358835367,POST,105,Null
1733358835367,POST,106,Null
1733358835378,POST,95,Null
1733358835373,POST,100,Null
1733358835378,POST,107,Null
1733358835372,POST,113,Null
1733358835382,POST,108,Null
1733358835389,POST,101,Null
1733358835394,POST,97,Null
1733358835387,POST,105,Null
1733358835367,POST,126,Null
1733358835387,POST,106,Null
1733358835385,POST,111,Null
1733358835473,POST,25,200
1733358835389,POST,109,Null
1733358835373,POST,125,Null
1733358835403,POST,102,Null
1733358835403,POST,106,Null
1733358835485,POST,24,200
1733358835412,POST,97,Null
1733358835398,POST,111,Null
1733358835405,POST,104,Null
1733358835492,POST,20,200
1733358835413,POST,103,Null
1733358835420,POST,103,Null
1733358835428,POST,100,Null
1733358835419,POST,109,Null
1733358835429,POST,99,Null
1733358835509,POST,21,200
1733358835509,POST,23,200
1733358835440,POST,96,Null
1733358835444,POST,96,Null
1733358835446,POST,94,Null
1733358835523,POST,18,200
1733358835446,POST,103,Null
1733358835461,POST,88,Null
1733358835449,POST,100,Null
1733358835530,POST,21,200
1733358835461,POST,105,Null
1733358835473,POST,93,Null
1733358835472,POST,96,Null
1733358835473,POST,95,Null
1733358835485,POST,90,Null
1733358835490,POST,85,Null
1733358835491,POST,84,Null
1733358835490,POST,86,Null
1733358835493,POST,88,Null
1733358835498,POST,86,Null
1733358835568,POST,21,200
1733358835493,POST,96,Null
1733358835496,POST,100,Null
1733358835498,POST,98,Null
1733358835505,POST,91,Null
1733358835509,POST,87,Null
1733358835498,POST,98,Null
1733358835575,POST,22,200
1733358835509,POST,89,Null
1733358835584,POST,19,200
1733358835589,POST,22,200
1733358835512,POST,99,Null
1733358835528,POST,86,Null
1733358835516,POST,102,Null
1733358835528,POST,92,Null
1733358835509,POST,111,Null
1733358835532,POST,88,Null
1733358835528,POST,93,Null
1733358835540,POST,91,Null
1733358835541,POST,92,Null
1733358835549,POST,84,Null
1733358835536,POST,100,Null
1733358835549,POST,88,Null
1733358835551,POST,99,Null
1733358835540,POST,110,Null
1733358835633,POST,20,200
1733358835568,POST,88,Null
1733358835566,POST,90,Null
1733358835566,POST,92,Null
1733358835549,POST,112,Null
1733358835575,POST,96,Null
1733358835576,POST,95,Null
1733358835581,POST,90,Null
1733358835575,POST,99,Null
1733358835596,POST,85,Null
1733358835596,POST,86,Null
1733358835596,POST,86,Null
1733358835596,POST,93,Null
1733358835589,POST,100,Null
1733358835674,POST,20,200
1733358835598,POST,96,Null
1733358835597,POST,97,Null
1733358835603,POST,93,Null
1733358835611,POST,98,Null
1733358835596,POST,114,Null
1733358835611,POST,99,Null
1733358835618,POST,92,Null
1733358835621,POST,89,Null
1733358835620,POST,91,Null
1733358835620,POST,95,Null
1733358835694,POST,21,200
1733358835631,POST,84,Null
1733358835694,POST,21,200
1733358835650,POST,89,Null
1733358835637,POST,104,Null
1733358835614,POST,127,Null
1733358835636,POST,108,Null
1733358835650,POST,94,Null
1733358835620,POST,124,Null
1733358835661,POST,98,Null
1733358835653,POST,106,Null
1733358835658,POST,102,Null
1733358835656,POST,106,Null
1733358835656,POST,106,Null
1733358835633,POST,131,Null
1733358835741,POST,25,200
1733358835740,POST,26,200
1733358835682,POST,92,Null
1733358835671,POST,105,Null
1733358835682,POST,96,Null
1733358835681,POST,97,Null
1733358835671,POST,111,Null
1733358835671,POST,114,Null
1733358835774,POST,18,200
1733358835689,POST,108,Null
1733358835696,POST,104,Null
1733358835689,POST,118,Null
1733358835694,POST,119,Null
1733358835710,POST,103,Null
1733358835715,POST,98,Null
1733358835715,POST,103,Null
1733358835710,POST,108,Null
1733358835710,POST,109,Null
1733358835711,POST,114,Null
1733358835710,POST,115,Null
1733358835715,POST,110,Null
1733358835709,POST,122,Null
1733358835741,POST,95,Null
1733358835744,POST,96,Null
1733358835715,POST,129,Null
1733358835759,POST,89,Null
1733358835760,POST,88,Null
1733358835744,POST,104,Null
1733358835762,POST,86,Null
1733358835762,POST,86,Null
1733358835744,POST,110,Null
1733358835764,POST,90,Null
1733358835836,POST,18,200
1733358835759,POST,104,Null
1733358835766,POST,99,Null
1733358835778,POST,87,Null
1733358835776,POST,99,Null
1733358835778,POST,97,Null
1733358835782,POST,97,Null
1733358835854,POST,25,200
1733358835785,POST,97,Null
1733358835766,POST,117,Null
1733358835875,POST,18,200
1733358835800,POST,101,Null
1733358835792,POST,109,Null
1733358835813,POST,90,Null
1733358835813,POST,90,Null
1733358835807,POST,99,Null
1733358835797,POST,109,Null
1733358835813,POST,94,Null
1733358835818,POST,92,Null
1733358835818,POST,97,Null
1733358835831,POST,88,Null
1733358835901,POST,21,200
1733358835825,POST,97,Null
1733358835819,POST,106,Null
1733358835901,POST,24,200
1733358835825,POST,100,Null
1733358835825,POST,100,Null
1733358835844,POST,90,Null
1733358835848,POST,93,Null
1733358835848,POST,98,Null
1733358835848,POST,98,Null
1733358835848,POST,99,Null
1733358835854,POST,94,Null
1733358835848,POST,102,Null
1733358835854,POST,98,Null
1733358835865,POST,92,Null
1733358835863,POST,97,Null
1733358835865,POST,99,Null
1733358835840,POST,127,Null
1733358835947,POST,22,200
1733358835879,POST,90,Null
1733358835875,POST,97,Null
1733358835882,POST,92,Null
1733358835883,POST,93,Null
1733358835879,POST,100,Null
1733358835893,POST,90,Null
1733358835967,POST,19,200
1733358835903,POST,89,Null
1733358835903,POST,89,Null
1733358835907,POST,93,Null
1733358835915,POST,85,Null
1733358835906,POST,100,Null
1733358835906,POST,100,Null
1733358835919,POST,90,Null
1733358835925,POST,86,Null
1733358835922,POST,89,Null
1733358835922,POST,89,Null
1733358835910,POST,104,Null
1733358835925,POST,92,Null
1733358835925,POST,96,Null
1733358835925,POST,96,Null
1733358835934,POST,92,Null
1733358835941,POST,85,Null
1733358836011,POST,17,200
1733358836011,POST,17,200
1733358835946,POST,85,Null
1733358835946,POST,87,Null
1733358835948,POST,93,Null
1733358835957,POST,89,Null
1733358835952,POST,94,Null
1733358836028,POST,20,200
1733358835964,POST,88,Null
1733358835950,POST,110,Null
1733358835960,POST,100,Null
1733358835969,POST,91,Null
1733358835969,POST,101,Null
1733358835974,POST,112,Null
1733358835979,POST,107,Null
1733358835972,POST,114,Null
1733358835992,POST,94,Null
1733358835976,POST,111,Null
1733358835983,POST,104,Null
1733358835986,POST,102,Null
1733358836011,POST,97,Null
1733358836000,POST,108,Null
1733358836006,POST,104,Null
1733358835992,POST,119,Null
1733358836009,POST,102,Null
1733358836000,POST,112,Null
1733358836006,POST,106,Null
1733358836014,POST,103,Null
1733358836021,POST,106,Null
1733358836026,POST,110,Null
1733358836021,POST,115,Null
1733358836028,POST,108,Null
1733358836110,POST,26,200
1733358836112,POST,37,200
1733358836017,POST,132,Null
1733358836046,POST,112,Null
1733358836026,POST,133,Null
1733358836046,POST,116,Null
1733358836033,POST,130,Null
1733358836048,POST,121,Null
1733358836041,POST,132,Null
1733358836031,POST,144,Null
1733358836060,POST,117,Null
1733358836060,POST,117,Null
1733358836052,POST,125,Null
1733358836060,POST,125,Null
1733358836163,POST,22,200
1733358836070,POST,120,Null
1733358836088,POST,108,Null
1733358836086,POST,110,Null
1733358836087,POST,109,Null
1733358836111,POST,96,Null
1733358836086,POST,123,Null
1733358836108,POST,101,Null
1733358836108,POST,102,Null
1733358836087,POST,123,Null
1733358836086,POST,124,Null
1733358836086,POST,129,Null
1733358836112,POST,103,Null
1733358836111,POST,106,Null
1733358836127,POST,93,Null
1733358836117,POST,112,Null
1733358836136,POST,98,Null
1733358836136,POST,100,Null
1733358836136,POST,108,Null
1733358836136,POST,108,Null
1733358836149,POST,95,Null
1733358836149,POST,99,Null
1733358836158,POST,97,Null
1733358836159,POST,97,Null
1733358836236,POST,20,200
1733358836162,POST,102,Null
1733358836169,POST,101,Null
1733358836175,POST,97,Null
1733358836177,POST,97,Null
1733358836173,POST,101,Null
1733358836177,POST,98,Null
1733358836177,POST,104,Null
1733358836190,POST,91,Null
1733358836185,POST,96,Null
1733358836185,POST,101,Null
1733358836196,POST,93,Null
1733358836196,POST,95,Null
1733358836196,POST,99,Null
1733358836210,POST,89,Null
1733358836210,POST,89,Null
1733358836209,POST,92,Null
1733358836209,POST,92,Null
1733358836207,POST,94,Null
1733358836210,POST,92,Null
1733358836220,POST,84,Null
1733358836215,POST,91,Null
1733358836215,POST,95,Null
1733358836217,POST,98,Null
1733358836229,POST,91,Null
1733358836244,POST,90,Null
1733358836244,POST,91,Null
1733358836248,POST,88,Null
1733358836244,POST,92,Null
1733358836234,POST,112,Null
1733358836255,POST,92,Null
1733358836256,POST,91,Null
1733358836256,POST,98,Null
1733358836274,POST,85,Null
1733358836272,POST,89,Null
1733358836270,POST,95,Null
1733358836274,POST,95,Null
1733358836275,POST,97,Null
1733358836281,POST,91,Null
1733358836281,POST,92,Null
1733358836264,POST,114,Null
1733358836359,POST,19,200
1733358836289,POST,90,Null
1733358836286,POST,93,Null
1733358836295,POST,86,Null
1733358836291,POST,97,Null
1733358836299,POST,91,Null
1733358836281,POST,112,Null
1733358836301,POST,93,Null
1733358836301,POST,93,Null
1733358836301,POST,98,Null
1733358836304,POST,95,Null
1733358836306,POST,93,Null
1733358836302,POST,97,Null
1733358836379,POST,23,200
1733358836310,POST,95,Null
1733358836315,POST,93,Null
1733358836299,POST,112,Null
1733358836320,POST,98,Null
1733358836399,POST,21,200
1733358836335,POST,91,Null
1733358836336,POST,90,Null
1733358836336,POST,93,Null
1733358836334,POST,96,Null
1733358836347,POST,91,Null
1733358836347,POST,95,Null
1733358836346,POST,96,Null
1733358836354,POST,91,Null
1733358836361,POST,97,Null
1733358836365,POST,93,Null
1733358836369,POST,89,Null
1733358836372,POST,91,Null
1733358836372,POST,91,Null
1733358836378,POST,86,Null
1733358836373,POST,97,Null
1733358836378,POST,95,Null
1733358836381,POST,95,Null
1733358836379,POST,97,Null
1733358836458,POST,21,200
1733358836390,POST,90,Null
1733358836388,POST,95,Null
1733358836394,POST,90,Null
1733358836402,POST,85,Null
1733358836394,POST,93,Null
1733358836393,POST,96,Null
1733358836399,POST,92,Null
1733358836399,POST,94,Null
1733358836405,POST,88,Null
1733358836399,POST,94,Null
1733358836408,POST,91,Null
1733358836480,POST,19,200
1733358836411,POST,97,Null
1733358836420,POST,98,Null
1733358836430,POST,90,Null
1733358836426,POST,94,Null
1733358836426,POST,94,Null
1733358836418,POST,106,Null
1733358836429,POST,95,Null
1733358836438,POST,89,Null
1733358836442,POST,91,Null
1733358836442,POST,91,Null
1733358836445,POST,92,Null
1733358836520,POST,24,200
1733358836458,POST,102,Null
1733358836463,POST,99,Null
1733358836463,POST,99,Null
1733358836464,POST,101,Null
1733358836458,POST,107,Null
1733358836484,POST,89,Null
1733358836483,POST,95,Null
1733358836476,POST,102,Null
1733358836487,POST,95,Null
1733358836470,POST,116,Null
1733358836487,POST,99,Null
1733358836479,POST,108,Null
1733358836499,POST,93,Null
1733358836499,POST,96,Null
1733358836493,POST,102,Null
1733358836476,POST,120,Null
1733358836493,POST,104,Null
1733358836473,POST,126,Null
1733358836489,POST,110,Null
1733358836491,POST,110,Null
1733358836493,POST,108,Null
1733358836586,POST,22,200
1733358836508,POST,106,Null
1733358836518,POST,101,Null
1733358836533,POST,89,Null
1733358836520,POST,102,Null
1733358836520,POST,106,Null
1733358836537,POST,91,Null
1733358836527,POST,105,Null
1733358836533,POST,105,Null
1733358836544,POST,98,Null
1733358836524,POST,118,Null
1733358836524,POST,119,Null
1733358836560,POST,91,Null
1733358836562,POST,100,Null
1733358836562,POST,100,Null
1733358836565,POST,98,Null
1733358836643,POST,20,200
1733358836578,POST,90,Null
1733358836578,POST,94,Null
1733358836565,POST,107,Null
1733358836573,POST,101,Null
1733358836582,POST,94,Null
1733358836592,POST,88,Null
1733358836587,POST,100,Null
1733358836586,POST,101,Null
1733358836595,POST,92,Null
1733358836599,POST,95,Null
1733358836674,POST,20,200
1733358836597,POST,97,Null
1733358836596,POST,98,Null
1733358836596,POST,99,Null
1733358836601,POST,97,Null
1733358836599,POST,100,Null
1733358836614,POST,89,Null
1733358836626,POST,87,Null
1733358836694,POST,19,200
1733358836608,POST,105,Null
1733358836619,POST,97,Null
1733358836622,POST,94,Null
1733358836601,POST,115,Null
1733358836699,POST,17,200
1733358836628,POST,91,Null
1733358836622,POST,99,Null
1733358836632,POST,93,Null
1733358836638,POST,88,Null
1733358836642,POST,93,Null
1733358836642,POST,95,Null
1733358836725,POST,19,200
1733358836662,POST,92,Null
1733358836663,POST,93,Null
1733358836663,POST,94,Null
1733358836672,POST,89,Null
1733358836668,POST,94,Null
1733358836676,POST,89,Null
1733358836672,POST,96,Null
1733358836651,POST,119,Null
1733358836687,POST,87,Null
1733358836662,POST,114,Null
1733358836680,POST,100,Null
1733358836687,POST,93,Null
1733358836687,POST,93,Null
1733358836694,POST,89,Null
1733358836694,POST,89,Null
1733358836694,POST,92,Null
1733358836770,POST,20,200
1733358836698,POST,92,Null
1733358836703,POST,87,Null
1733358836695,POST,103,Null
1733358836713,POST,88,Null
1733358836713,POST,89,Null
1733358836713,POST,89,Null
1733358836716,POST,86,Null
1733358836719,POST,89,Null
1733358836716,POST,93,Null
1733358836721,POST,90,Null
1733358836716,POST,97,Null
1733358836716,POST,97,Null
1733358836726,POST,88,Null
1733358836737,POST,89,Null
1733358836735,POST,91,Null
1733358836744,POST,94,Null
1733358836754,POST,91,Null
1733358836761,POST,87,Null
1733358836756,POST,98,Null
1733358836757,POST,97,Null
1733358836762,POST,92,Null
1733358836768,POST,86,Null
1733358836774,POST,90,Null
1733358836765,POST,100,Null
1733358836776,POST,97,Null
1733358836780,POST,96,Null
1733358836783,POST,93,Null
1733358836780,POST,99,Null
1733358836783,POST,96,Null
1733358836786,POST,93,Null
1733358836790,POST,89,Null
1733358836790,POST,89,Null
1733358836780,POST,100,Null
1733358836864,POST,21,200
1733358836790,POST,105,Null
1733358836802,POST,93,Null
1733358836802,POST,93,Null
1733358836801,POST,96,Null
1733358836808,POST,89,Null
1733358836798,POST,99,Null
1733358836802,POST,95,Null
1733358836811,POST,86,Null
1733358836879,POST,18,200
1733358836813,POST,88,Null
1733358836814,POST,87,Null
1733358836813,POST,99,Null
1733358836809,POST,103,Null
1733358836826,POST,89,Null
1733358836895,POST,20,200
1733358836826,POST,100,Null
1733358836845,POST,86,Null
1733358836838,POST,93,Null
1733358836912,POST,22,200
1733358836848,POST,88,Null
1733358836854,POST,94,Null
1733358836854,POST,97,Null
1733358836854,POST,99,Null
1733358836865,POST,94,Null
1733358836876,POST,86,Null
1733358836854,POST,112,Null
1733358836879,POST,88,Null
1733358836873,POST,94,Null
1733358836876,POST,91,Null
1733358836880,POST,91,Null
1733358836879,POST,94,Null
1733358836879,POST,94,Null
1733358836879,POST,95,Null
1733358836885,POST,89,Null
1733358836895,POST,91,Null
1733358836895,POST,92,Null
1733358836897,POST,90,Null
1733358836897,POST,92,Null
1733358836901,POST,88,Null
1733358836897,POST,93,Null
1733358836967,POST,23,200
1733358836901,POST,89,Null
1733358836897,POST,93,Null
1733358836897,POST,93,Null
1733358836897,POST,103,Null
1733358836915,POST,92,Null
1733358836915,POST,98,Null
1733358836912,POST,106,Null
1733358836931,POST,91,Null
1733358836936,POST,88,Null
1733358836926,POST,106,Null
1733358836948,POST,88,Null
1733358836934,POST,102,Null
1733358836951,POST,87,Null
1733358836953,POST,95,Null
1733358836931,POST,117,Null
1733358836967,POST,88,Null
1733358836962,POST,93,Null
1733358836967,POST,90,Null
1733358836967,POST,98,Null
1733358836974,POST,91,Null
1733358836973,POST,92,Null
1733358836974,POST,92,Null
1733358836971,POST,95,Null
1733358837048,POST,20,200
1733358836973,POST,100,Null
1733358836959,POST,114,Null
1733358836987,POST,87,Null
1733358836987,POST,95,Null
1733358836990,POST,92,Null
1733358836990,POST,92,Null
1733358837065,POST,20,200
1733358836989,POST,96,Null
1733358836990,POST,95,Null
1733358836990,POST,95,Null
1733358836986,POST,99,Null
1733358836990,POST,96,Null
1733358836989,POST,100,Null
1733358837000,POST,99,Null
1733358837013,POST,91,Null
1733358837007,POST,97,Null
1733358837085,POST,19,200
1733358837022,POST,86,Null
1733358837024,POST,84,Null
1733358837018,POST,90,Null
1733358837032,POST,93,Null
1733358837036,POST,89,Null
1733358837036,POST,89,Null
1733358837038,POST,87,Null
1733358837048,POST,83,Null
1733358837057,POST,87,Null
1733358837055,POST,89,Null
1733358837055,POST,89,Null
1733358837125,POST,28,200
1733358837065,POST,88,Null
1733358837073,POST,89,Null
1733358837074,POST,88,Null
1733358837066,POST,97,Null
1733358837065,POST,98,Null
1733358837068,POST,100,Null
1733358837082,POST,87,Null
1733358837082,POST,87,Null
1733358837073,POST,97,Null
1733358837085,POST,85,Null
1733358837066,POST,109,Null
1733358837082,POST,93,Null
1733358837162,POST,18,200
1733358837085,POST,95,Null
1733358837085,POST,98,Null
1733358837085,POST,100,Null
1733358837099,POST,89,Null
1733358837086,POST,102,Null
1733358837089,POST,99,Null
1733358837169,POST,19,200
1733358837104,POST,96,Null
1733358837108,POST,93,Null
1733358837108,POST,93,Null
1733358837104,POST,97,Null
1733358837104,POST,102,Null
1733358837185,POST,23,200
1733358837125,POST,95,Null
1733358837125,POST,98,Null
1733358837125,POST,98,Null
1733358837108,POST,118,Null
1733358837131,POST,96,Null
1733358837153,POST,86,Null
1733358837144,POST,95,Null
1733358837144,POST,101,Null
1733358837144,POST,102,Null
1733358837163,POST,87,Null
1733358837163,POST,87,Null
1733358837168,POST,82,Null
1733358837170,POST,86,Null
1733358837180,POST,81,Null
1733358837170,POST,91,Null
1733358837162,POST,99,Null
1733358837180,POST,81,Null
1733358837169,POST,92,Null
1733358837153,POST,112,Null
1733358837175,POST,95,Null
1733358837188,POST,87,Null
1733358837175,POST,100,Null
1733358837188,POST,87,Null
1733358837183,POST,97,Null
1733358837188,POST,92,Null
1733358837188,POST,92,Null
1733358837200,POST,86,Null
1733358837201,POST,93,Null
1733358837206,POST,88,Null
1733358837275,POST,20,200
1733358837208,POST,92,Null
1733358837201,POST,99,Null
1733358837201,POST,99,Null
1733358837223,POST,87,Null
1733358837223,POST,87,Null
1733358837220,POST,90,Null
1733358837226,POST,89,Null
1733358837227,POST,92,Null
1733358837239,POST,87,Null
1733358837239,POST,92,Null
1733358837245,POST,89,Null
1733358837246,POST,101,Null
1733358837250,POST,97,Null
1733358837250,POST,97,Null
1733358837256,POST,94,Null
1733358837261,POST,89,Null
1733358837261,POST,92,Null
1733358837270,POST,89,Null
1733358837261,POST,102,Null
1733358837265,POST,98,Null
1733358837261,POST,102,Null
1733358837261,POST,102,Null
1733358837275,POST,92,Null
1733358837275,POST,95,Null
1733358837250,POST,122,Null
1733358837350,POST,22,200
1733358837353,POST,19,200
1733358837280,POST,92,Null
1733358837280,POST,95,Null
1733358837280,POST,95,Null
1733358837294,POST,92,Null
1733358837295,POST,91,Null
1733358837294,POST,92,Null
1733358837367,POST,22,200
1733358837286,POST,104,Null
1733358837300,POST,92,Null
1733358837300,POST,97,Null
1733358837300,POST,97,Null
1733358837310,POST,94,Null
1733358837310,POST,97,Null
1733358837310,POST,102,Null
1733358837315,POST,97,Null
1733358837326,POST,97,Null
1733358837334,POST,94,Null
1733358837319,POST,109,Null
1733358837331,POST,103,Null
1733358837350,POST,92,Null
1733358837347,POST,109,Null
1733358837347,POST,109,Null
1733358837347,POST,112,Null
1733358837363,POST,96,Null
1733358837363,POST,101,Null
1733358837363,POST,101,Null
1733358837363,POST,101,Null
1733358837359,POST,105,Null
1733358837370,POST,108,Null
1733358837372,POST,106,Null
1733358837386,POST,92,Null
1733358837372,POST,106,Null
1733358837386,POST,92,Null
1733358837375,POST,103,Null
1733358837456,POST,25,200
1733358837375,POST,106,Null
1733358837372,POST,109,Null
1733358837372,POST,109,Null
1733358837386,POST,95,Null
1733358837392,POST,103,Null
1733358837397,POST,103,Null
1733358837389,POST,111,Null
1733358837404,POST,96,Null
1733358837397,POST,103,Null
1733358837390,POST,112,Null
1733358837478,POST,24,200
1733358837407,POST,98,Null
1733358837428,POST,93,Null
1733358837412,POST,109,Null
1733358837423,POST,98,Null
1733358837428,POST,95,Null
1733358837412,POST,114,Null
1733358837434,POST,109,Null
1733358837442,POST,107,Null
1733358837459,POST,104,Null
1733358837459,POST,104,Null
1733358837464,POST,102,Null
1733358837456,POST,110,Null
1733358837464,POST,106,Null
1733358837464,POST,106,Null
1733358837549,POST,21,200
1733358837464,POST,106,Null
1733358837478,POST,107,Null
1733358837478,POST,107,Null
1733358837481,POST,104,Null
1733358837481,POST,104,Null
1733358837478,POST,107,Null
1733358837481,POST,107,Null
1733358837495,POST,93,Null
1733358837481,POST,107,Null
1733358837563,POST,25,200
1733358837478,POST,110,Null
1733358837570,POST,21,200
1733358837481,POST,112,Null
1733358837570,POST,23,200
1733358837478,POST,124,Null
1733358837500,POST,102,Null
1733358837500,POST,103,Null
1733358837500,POST,104,Null
1733358837585,POST,19,200
1733358837500,POST,109,Null
1733358837502,POST,107,Null
1733358837588,POST,24,200
1733358837505,POST,107,Null
1733358837521,POST,102,Null
1733358837521,POST,102,Null
1733358837521,POST,102,Null
1733358837526,POST,97,Null
1733358837523,POST,101,Null
1733358837502,POST,130,Null
1733358837543,POST,103,Null
1733358837563,POST,102,Null
1733358837566,POST,102,Null
1733358837646,POST,22,200
1733358837570,POST,102,Null
1733358837566,POST,106,Null
1733358837570,POST,106,Null
1733358837588,POST,93,Null
1733358837588,POST,98,Null
1733358837585,POST,101,Null
1733358837585,POST,101,Null
1733358837585,POST,101,Null
1733358837591,POST,108,Null
1733358837588,POST,111,Null
1733358837603,POST,104,Null
1733358837604,POST,103,Null
1733358837602,POST,105,Null
1733358837602,POST,105,Null
1733358837585,POST,122,Null
1733358837588,POST,119,Null
1733358837604,POST,106,Null
1733358837593,POST,117,Null
1733358837593,POST,117,Null
1733358837609,POST,106,Null
1733358837612,POST,105,Null
1733358837624,POST,100,Null
1733358837623,POST,104,Null
1733358837707,POST,20,200
1733358837623,POST,104,Null
1733358837623,POST,105,Null
1733358837612,POST,116,Null
1733358837623,POST,108,Null
1733358837632,POST,104,Null
1733358837609,POST,127,Null
1733358837717,POST,21,200
1733358837727,POST,26,200
1733358837668,POST,97,Null
1733358837668,POST,98,Null
1733358837672,POST,100,Null
1733358837681,POST,95,Null
1733358837672,POST,108,Null
1733358837676,POST,104,Null
1733358837686,POST,94,Null
1733358837686,POST,98,Null
1733358837686,POST,98,Null
1733358837766,POST,18,200
1733358837665,POST,119,Null
1733358837710,POST,91,Null
1733358837707,POST,96,Null
1733358837707,POST,96,Null
1733358837686,POST,117,Null
1733358837707,POST,96,Null
1733358837699,POST,105,Null
1733358837707,POST,97,Null
1733358837707,POST,97,Null
1733358837699,POST,108,Null
1733358837710,POST,107,Null
1733358837727,POST,92,Null
1733358837710,POST,109,Null
1733358837715,POST,104,Null
1733358837728,POST,94,Null
1733358837728,POST,94,Null
1733358837724,POST,98,Null
1733358837803,POST,19,200
1733358837727,POST,98,Null
1733358837736,POST,101,Null
1733358837731,POST,106,Null
1733358837738,POST,102,Null
1733358837736,POST,122,Null
1733358837765,POST,93,Null
1733358837837,POST,21,200
1733358837753,POST,107,Null
1733358837776,POST,90,Null
1733358837772,POST,100,Null
1733358837780,POST,95,Null
1733358837780,POST,100,Null
1733358837784,POST,96,Null
1733358837780,POST,102,Null
1733358837784,POST,103,Null
1733358837784,POST,103,Null
1733358837880,POST,19,200
1733358837803,POST,102,Null
1733358837803,POST,102,Null
1733358837819,POST,88,Null
1733358837804,POST,103,Null
1733358837801,POST,106,Null
1733358837804,POST,103,Null
1733358837784,POST,126,Null
1733358837804,POST,106,Null
1733358837807,POST,103,Null
1733358837803,POST,107,Null
1733358837872,POST,40,200
1733358837819,POST,101,Null
1733358837817,POST,107,Null
1733358837819,POST,105,Null
1733358837822,POST,105,Null
1733358837822,POST,105,Null
1733358837822,POST,105,Null
1733358837907,POST,23,200
1733358837907,POST,23,200
1733358837825,POST,105,Null
1733358837840,POST,97,Null
1733358837837,POST,100,Null
1733358837822,POST,122,Null
1733358837930,POST,21,200
1733358837858,POST,101,Null
1733358837858,POST,101,Null
1733358837875,POST,89,Null
1733358837858,POST,109,Null
1733358837860,POST,111,Null
1733358837866,POST,105,Null
1733358837882,POST,104,Null
1733358837887,POST,99,Null
1733358837887,POST,105,Null
1733358837880,POST,113,Null
1733358837905,POST,91,Null
1733358837899,POST,97,Null
1733358837907,POST,89,Null
1733358837905,POST,99,Null
1733358837910,POST,94,Null
1733358837910,POST,94,Null
1733358837907,POST,97,Null
1733358837910,POST,97,Null
1733358837912,POST,95,Null
1733358837910,POST,104,Null
1733358837924,POST,90,Null
1733358837920,POST,94,Null
1733358837992,POST,25,200
1733358837924,POST,100,Null
1733358837927,POST,97,Null
1733358838004,POST,20,200
1733358837993,POST,34,200
1733358837927,POST,103,Null
1733358837927,POST,103,Null
1733358837944,POST,89,Null
1733358837937,POST,99,Null
1733358837930,POST,106,Null
1733358838017,POST,19,200
1733358837930,POST,106,Null
1733358837937,POST,113,Null
1733358837959,POST,96,Null
1733358837951,POST,104,Null
1733358837964,POST,104,Null
1733358837967,POST,101,Null
1733358837971,POST,97,Null
1733358837971,POST,97,Null
1733358837959,POST,116,Null
1733358837996,POST,94,Null
1733358837986,POST,104,Null
1733358837986,POST,104,Null
1733358837996,POST,104,Null
1733358838004,POST,96,Null
1733358838004,POST,96,Null
1733358838004,POST,96,Null
1733358838007,POST,101,Null
1733358838014,POST,94,Null
1733358838014,POST,94,Null
1733358838007,POST,101,Null
1733358838024,POST,88,Null
1733358838024,POST,88,Null
1733358838014,POST,104,Null
1733358837996,POST,128,Null
1733358838027,POST,101,Null
1733358838030,POST,98,Null
1733358838036,POST,95,Null
1733358838033,POST,98,Null
1733358838036,POST,95,Null
1733358838030,POST,101,Null
1733358838036,POST,95,Null
1733358838024,POST,113,Null
1733358838036,POST,105,Null
1733358838050,POST,99,Null
1733358838128,POST,21,200
1733358838055,POST,94,Null
1733358838131,POST,18,200
1733358838055,POST,102,Null
1733358838068,POST,91,Null
1733358838068,POST,91,Null
1733358838068,POST,96,Null
1733358838068,POST,101,Null
1733358838075,POST,95,Null
1733358838149,POST,21,200
1733358838090,POST,102,Null
1733358838090,POST,102,Null
1733358838090,POST,102,Null
1733358838170,POST,22,200
1733358838100,POST,92,Null
1733358838100,POST,92,Null
1733358838100,POST,100,Null
1733358838100,POST,101,Null
1733358838108,POST,99,Null
1733358838112,POST,95,Null
1733358838108,POST,103,Null
1733358838108,POST,103,Null
1733358838192,POST,20,200
1733358838108,POST,104,Null
1733358838112,POST,100,Null
1733358838118,POST,96,Null
1733358838124,POST,98,Null
1733358838207,POST,19,200
1733358838131,POST,100,Null
1733358838128,POST,103,Null
1733358838131,POST,100,Null
1733358838131,POST,100,Null
1733358838131,POST,102,Null
1733358838141,POST,94,Null
1733358838149,POST,94,Null
1733358838137,POST,106,Null
1733358838149,POST,99,Null
1733358838149,POST,104,Null
1733358838159,POST,94,Null
1733358838233,POST,20,200
1733358838159,POST,94,Null
1733358838164,POST,97,Null
1733358838157,POST,105,Null
1733358838169,POST,98,Null
1733358838170,POST,97,Null
1733358838192,POST,95,Null
1733358838192,POST,102,Null
1733358838192,POST,105,Null
1733358838192,POST,105,Null
1733358838192,POST,105,Null
1733358838207,POST,90,Null
1733358838201,POST,105,Null
1733358838201,POST,107,Null
1733358838212,POST,96,Null
1733358838211,POST,102,Null
1733358838212,POST,101,Null
1733358838211,POST,102,Null
1733358838212,POST,105,Null
1733358838222,POST,97,Null
1733358838214,POST,105,Null
1733358838297,POST,28,200
1733358838226,POST,99,Null
1733358838231,POST,101,Null
1733358838231,POST,101,Null
1733358838231,POST,101,Null
1733358838235,POST,98,Null
1733358838231,POST,108,Null
1733358838243,POST,96,Null
1733358838319,POST,20,200
1733358838248,POST,100,Null
1733358838243,POST,105,Null
1733358838253,POST,98,Null
1733358838253,POST,98,Null
1733358838253,POST,98,Null
1733358838253,POST,98,Null
1733358838261,POST,97,Null
1733358838339,POST,24,200
1733358838267,POST,96,Null
1733358838267,POST,96,Null
1733358838262,POST,116,Null
1733358838297,POST,94,Null
1733358838297,POST,94,Null
1733358838294,POST,97,Null
1733358838287,POST,105,Null
1733358838297,POST,99,Null
1733358838306,POST,97,Null
1733358838308,POST,105,Null
1733358838313,POST,100,Null
1733358838317,POST,96,Null
1733358838313,POST,100,Null
1733358838391,POST,22,200
1733358838313,POST,100,Null
1733358838308,POST,105,Null
1733358838319,POST,95,Null
1733358838325,POST,97,Null
1733358838325,POST,97,Null
1733358838332,POST,102,Null
1733358838332,POST,102,Null
1733358838333,POST,101,Null
1733358838339,POST,95,Null
1733358838339,POST,97,Null
1733358838348,POST,106,Null
1733358838351,POST,103,Null
1733358838332,POST,122,Null
1733358838351,POST,103,Null
1733358838351,POST,104,Null
1733358838348,POST,107,Null
1733358838358,POST,98,Null
1733358838363,POST,95,Null
1733358838363,POST,95,Null
1733358838363,POST,96,Null
1733358838351,POST,125,Null
1733358838378,POST,98,Null
1733358838458,POST,21,200
1733358838403,POST,94,Null
1733358838396,POST,104,Null
1733358838391,POST,109,Null
1733358838479,POST,21,200
1733358838476,POST,26,200
1733358838392,POST,110,Null
1733358838413,POST,104,Null
1733358838391,POST,126,Null
1733358838413,POST,107,Null
1733358838413,POST,107,Null
1733358838422,POST,98,Null
1733358838422,POST,98,Null
1733358838413,POST,107,Null
1733358838500,POST,20,200
1733358838413,POST,107,Null
1733358838413,POST,107,Null
1733358838414,POST,106,Null
1733358838413,POST,123,Null
1733358838434,POST,109,Null
1733358838434,POST,109,Null
1733358838434,POST,109,Null
1733358838520,POST,23,200
1733358838434,POST,113,Null
1733358838454,POST,101,Null
1733358838458,POST,100,Null
1733358838454,POST,104,Null
1733358838436,POST,124,Null
1733358838455,POST,105,Null
1733358838455,POST,107,Null
1733358838454,POST,109,Null
1733358838456,POST,107,Null
1733358838454,POST,109,Null
1733358838459,POST,104,Null
1733358838476,POST,98,Null
1733358838497,POST,96,Null
1733358838500,POST,99,Null
1733358838500,POST,103,Null
1733358838502,POST,104,Null
1733358838520,POST,93,Null
1733358838517,POST,96,Null
1733358838502,POST,114,Null
1733358838520,POST,96,Null
1733358838520,POST,100,Null
1733358838520,POST,110,Null
1733358838520,POST,110,Null
1733358838520,POST,110,Null
1733358838520,POST,110,Null
1733358838536,POST,95,Null
1733358838520,POST,114,Null
1733358838613,POST,21,200
1733358838547,POST,93,Null
1733358838543,POST,97,Null
1733358838517,POST,124,Null
1733358838543,POST,98,Null
1733358838555,POST,93,Null
1733358838558,POST,90,Null
1733358838543,POST,111,Null
1733358838558,POST,96,Null
1733358838560,POST,94,Null
1733358838560,POST,97,Null
1733358838562,POST,96,Null
1733358838563,POST,97,Null
1733358838563,POST,97,Null
1733358838563,POST,99,Null
1733358838574,POST,91,Null
1733358838648,POST,19,200
1733358838563,POST,114,Null
1733358838543,POST,137,Null
1733358838654,POST,26,200
1733358838593,POST,87,Null
1733358838667,POST,20,200
1733358838599,POST,99,Null
1733358838603,POST,95,Null
1733358838616,POST,102,Null
1733358838616,POST,102,Null
1733358838613,POST,105,Null
1733358838606,POST,112,Null
1733358838631,POST,91,Null
1733358838620,POST,105,Null
1733358838640,POST,94,Null
1733358838718,POST,16,200
1733358838630,POST,110,Null
1733358838634,POST,106,Null
1733358838634,POST,106,Null
1733358838630,POST,110,Null
1733358838648,POST,92,Null
1733358838722,POST,18,200
1733358838718,POST,22,200
1733358838630,POST,113,Null
1733358838630,POST,113,Null
1733358838641,POST,102,Null
1733358838641,POST,102,Null
1733358838734,POST,19,200
1733358838658,POST,100,Null
1733358838657,POST,106,Null
1733358838654,POST,109,Null
1733358838654,POST,109,Null
1733358838740,POST,23,200
1733358838740,POST,23,200
1733358838665,POST,98,Null
1733358838640,POST,123,Null
1733358838743,POST,24,200
1733358838660,POST,107,Null
1733358838662,POST,105,Null
1733358838660,POST,108,Null
1733358838677,POST,105,Null
1733358838687,POST,95,Null
1733358838680,POST,108,Null
1733358838680,POST,108,Null
1733358838680,POST,108,Null
1733358838698,POST,107,Null
1733358838718,POST,106,Null
1733358838718,POST,106,Null
1733358838698,POST,129,Null
1733358838734,POST,93,Null
1733358838725,POST,102,Null
1733358838743,POST,99,Null
1733358838740,POST,102,Null
1733358838740,POST,102,Null
1733358838743,POST,99,Null
1733358838740,POST,102,Null
1733358838753,POST,91,Null
1733358838740,POST,109,Null
1733358838740,POST,109,Null
1733358838743,POST,106,Null
1733358838763,POST,102,Null
1733358838763,POST,102,Null
1733358838758,POST,107,Null
1733358838763,POST,102,Null
1733358838763,POST,106,Null
1733358838763,POST,106,Null
1733358838763,POST,107,Null
1733358838767,POST,103,Null
1733358838767,POST,103,Null
1733358838767,POST,103,Null
1733358838763,POST,107,Null
1733358838768,POST,105,Null
1733358838782,POST,101,Null
1733358838782,POST,112,Null
1733358838788,POST,106,Null
1733358838788,POST,106,Null
1733358838788,POST,106,Null
1733358838805,POST,109,Null
1733358838824,POST,103,Null
1733358838824,POST,103,Null
1733358838827,POST,107,Null
1733358838827,POST,107,Null
1733358838827,POST,107,Null
1733358838842,POST,103,Null
1733358838842,POST,106,Null
1733358838849,POST,99,Null
1733358838842,POST,106,Null
1733358838842,POST,106,Null
1733358838844,POST,104,Null
1733358838842,POST,106,Null
1733358838849,POST,101,Null
1733358838849,POST,104,Null
1733358838865,POST,99,Null
1733358838865,POST,100,Null
1733358838870,POST,98,Null
1733358838865,POST,103,Null
1733358838945,POST,23,200
1733358838948,POST,20,200
1733358838948,POST,20,200
1733358838869,POST,99,Null
1733358838948,POST,21,200
1733358838948,POST,21,200
1733358838870,POST,106,Null
1733358838873,POST,103,Null
1733358838870,POST,106,Null
1733358838870,POST,106,Null
1733358838869,POST,107,Null
1733358838870,POST,106,Null
1733358838865,POST,112,Null
1733358838883,POST,100,Null
1733358838894,POST,92,Null
1733358838968,POST,18,200
1733358838894,POST,101,Null
1733358838894,POST,101,Null
1733358838894,POST,104,Null
1733358838986,POST,22,200
1733358838995,POST,21,200
1733358838998,POST,20,200
1733358838914,POST,104,Null
1733358838927,POST,97,Null
1733358838927,POST,101,Null
1733358839008,POST,23,200
1733358838934,POST,99,Null
1733358838934,POST,102,Null
1733358838934,POST,102,Null
1733358838950,POST,97,Null
1733358838948,POST,99,Null
1733358838953,POST,101,Null
1733358838968,POST,96,Null
1733358838968,POST,96,Null
1733358838964,POST,105,Null
1733358838969,POST,100,Null
1733358838965,POST,104,Null
1733358838968,POST,101,Null
1733358838968,POST,101,Null
1733358838948,POST,121,Null
1733358838968,POST,105,Null
1733358838976,POST,102,Null
1733358838977,POST,101,Null
1733358838976,POST,102,Null
1733358838969,POST,109,Null
1733358838976,POST,102,Null
1733358838976,POST,102,Null
1733358838976,POST,102,Null
1733358838976,POST,111,Null
1733358838983,POST,104,Null
1733358838986,POST,101,Null
1733358839078,POST,24,200
1733358838995,POST,107,Null
1733358839016,POST,107,Null
1733358839018,POST,112,Null
1733358839028,POST,103,Null
1733358839024,POST,107,Null
1733358839047,POST,89,Null
1733358839033,POST,107,Null
1733358839018,POST,124,Null
1733358839047,POST,103,Null
1733358839036,POST,114,Null
1733358839031,POST,122,Null
1733358839036,POST,117,Null
1733358839064,POST,89,Null
1733358839064,POST,98,Null
1733358839069,POST,101,Null
1733358839054,POST,116,Null
1733358839069,POST,101,Null
1733358839069,POST,101,Null
1733358839078,POST,95,Null
1733358839069,POST,104,Null
1733358839073,POST,100,Null
1733358839069,POST,106,Null
1733358839078,POST,103,Null
1733358839078,POST,104,Null
1733358839078,POST,112,Null
1733358839069,POST,121,Null
1733358839078,POST,112,Null
1733358839087,POST,103,Null
1733358839087,POST,103,Null
1733358839087,POST,103,Null
1733358839078,POST,115,Null
1733358839102,POST,108,Null
1733358839102,POST,114,Null
1733358839193,POST,23,200
1733358839123,POST,101,Null
1733358839136,POST,95,Null
1733358839130,POST,103,Null
1733358839131,POST,104,Null
1733358839131,POST,104,Null
1733358839140,POST,104,Null
1733358839142,POST,102,Null
1733358839150,POST,101,Null
1733358839150,POST,103,Null
1733358839153,POST,102,Null
1733358839153,POST,102,Null
1733358839153,POST,102,Null
1733358839162,POST,104,Null
1733358839170,POST,96,Null
1733358839170,POST,105,Null
1733358839170,POST,105,Null
1733358839173,POST,102,Null
1733358839175,POST,104,Null
1733358839173,POST,109,Null
1733358839190,POST,97,Null
1733358839190,POST,98,Null
1733358839190,POST,98,Null
1733358839190,POST,98,Null
1733358839181,POST,108,Null
1733358839182,POST,107,Null
1733358839173,POST,121,Null
1733358839190,POST,104,Null
1733358839190,POST,104,Null
1733358839170,POST,124,Null
1733358839216,POST,101,Null
1733358839210,POST,110,Null
1733358839216,POST,107,Null
1733358839231,POST,96,Null
1733358839224,POST,103,Null
1733358839233,POST,100,Null
1733358839235,POST,100,Null
1733358839244,POST,104,Null
1733358839244,POST,104,Null
1733358839251,POST,97,Null
1733358839255,POST,95,Null
1733358839255,POST,95,Null
1733358839253,POST,97,Null
1733358839235,POST,117,Null
1733358839255,POST,100,Null
1733358839266,POST,102,Null
1733358839266,POST,113,Null
1733358839275,POST,104,Null
1733358839275,POST,104,Null
1733358839275,POST,106,Null
1733358839279,POST,105,Null
1733358839288,POST,101,Null
1733358839282,POST,107,Null
1733358839289,POST,100,Null
1733358839287,POST,102,Null
1733358839289,POST,105,Null
1733358839288,POST,111,Null
1733358839294,POST,109,Null
1733358839294,POST,109,Null
1733358839294,POST,109,Null
1733358839294,POST,109,Null
1733358839379,POST,24,200
1733358839381,POST,25,200
1733358839288,POST,132,Null
1733358839317,POST,105,Null
1733358839403,POST,20,200
1733358839327,POST,101,Null
1733358839320,POST,109,Null
1733358839323,POST,108,Null
1733358839333,POST,105,Null
1733358839327,POST,112,Null
1733358839348,POST,91,Null
1733358839335,POST,108,Null
1733358839348,POST,95,Null
1733358839350,POST,94,Null
1733358839348,POST,101,Null
1733358839350,POST,99,Null
1733358839350,POST,111,Null
1733358839355,POST,108,Null
1733358839368,POST,95,Null
1733358839352,POST,111,Null
1733358839389,POST,96,Null
1733358839384,POST,104,Null
1733358839379,POST,110,Null
1733358839389,POST,100,Null
1733358839394,POST,98,Null
1733358839389,POST,103,Null
1733358839389,POST,103,Null
1733358839379,POST,121,Null
1733358839403,POST,102,Null
1733358839403,POST,102,Null
1733358839403,POST,108,Null
1733358839403,POST,108,Null
1733358839399,POST,112,Null
1733358839406,POST,106,Null
1733358839420,POST,104,Null
1733358839423,POST,105,Null
1733358839422,POST,106,Null
1733358839428,POST,105,Null
1733358839431,POST,102,Null
1733358839429,POST,104,Null
1733358839511,POST,26,200
1733358839439,POST,98,Null
1733358839443,POST,101,Null
1733358839439,POST,105,Null
1733358839443,POST,101,Null
1733358839438,POST,106,Null
1733358839449,POST,106,Null
1733358839444,POST,111,Null
1733358839449,POST,106,Null
1733358839463,POST,99,Null
1733358839463,POST,100,Null
1733358839463,POST,100,Null
1733358839461,POST,102,Null
1733358839485,POST,97,Null
1733358839563,POST,24,200
1733358839489,POST,104,Null
1733358839488,POST,105,Null
1733358839492,POST,105,Null
1733358839500,POST,101,Null
1733358839582,POST,20,200
1733358839492,POST,110,Null
1733358839492,POST,111,Null
1733358839489,POST,121,Null
1733358839512,POST,104,Null
1733358839511,POST,105,Null
1733358839597,POST,23,200
1733358839524,POST,97,Null
1733358839602,POST,19,200
1733358839511,POST,115,Null
1733358839505,POST,126,Null
1733358839505,POST,126,Null
1733358839528,POST,108,Null
1733358839533,POST,103,Null
1733358839528,POST,108,Null
1733358839537,POST,100,Null
1733358839533,POST,104,Null
1733358839544,POST,97,Null
1733358839537,POST,107,Null
1733358839544,POST,100,Null
1733358839544,POST,100,Null
1733358839533,POST,111,Null
1733358839544,POST,102,Null
1733358839631,POST,21,200
1733358839555,POST,102,Null
1733358839555,POST,102,Null
1733358839562,POST,95,Null
1733358839644,POST,17,200
1733358839563,POST,100,Null
1733358839563,POST,100,Null
1733358839646,POST,23,200
1733358839652,POST,19,200
1733358839555,POST,116,Null
1733358839593,POST,85,Null
1733358839587,POST,98,Null
1733358839671,POST,19,200
1733358839593,POST,105,Null
1733358839602,POST,101,Null
1733358839610,POST,99,Null
1733358839616,POST,93,Null
1733358839603,POST,112,Null
1733358839621,POST,94,Null
1733358839616,POST,99,Null
1733358839621,POST,96,Null
1733358839601,POST,122,Null
1733358839621,POST,102,Null
1733358839636,POST,92,Null
1733358839631,POST,97,Null
1733358839626,POST,103,Null
1733358839641,POST,93,Null
1733358839637,POST,97,Null
1733358839644,POST,90,Null
1733358839637,POST,97,Null
1733358839636,POST,103,Null
1733358839644,POST,97,Null
1733358839636,POST,107,Null
1733358839657,POST,96,Null
1733358839644,POST,109,Null
1733358839657,POST,96,Null
1733358839663,POST,101,Null
1733358839661,POST,103,Null
1733358839663,POST,101,Null
1733358839657,POST,107,Null
1733358839669,POST,102,Null
1733358839671,POST,100,Null
1733358839678,POST,107,Null
1733358839685,POST,100,Null
1733358839690,POST,99,Null
1733358839698,POST,94,Null
1733358839709,POST,99,Null
1733358839709,POST,99,Null
1733358839717,POST,95,Null
1733358839715,POST,97,Null
1733358839715,POST,97,Null
1733358839723,POST,90,Null
1733358839703,POST,124,Null
1733358839728,POST,99,Null
1733358839723,POST,104,Null
1733358839728,POST,99,Null
1733358839729,POST,98,Null
1733358839715,POST,115,Null
1733358839734,POST,96,Null
1733358839734,POST,96,Null
1733358839739,POST,94,Null
1733358839812,POST,21,200
1733358839734,POST,99,Null
1733358839734,POST,99,Null
1733358839743,POST,106,Null
1733358839741,POST,109,Null
1733358839753,POST,101,Null
1733358839753,POST,102,Null
1733358839753,POST,102,Null
1733358839833,POST,22,200
1733358839771,POST,87,Null
1733358839764,POST,105,Null
1733358839764,POST,105,Null
1733358839771,POST,99,Null
1733358839785,POST,90,Null
1733358839764,POST,116,Null
1733358839764,POST,124,Null
1733358839792,POST,98,Null
1733358839785,POST,106,Null
1733358839789,POST,102,Null
1733358839812,POST,90,Null
1733358839808,POST,101,Null
1733358839808,POST,104,Null
1733358839813,POST,100,Null
1733358839830,POST,94,Null
1733358839830,POST,100,Null
1733358839833,POST,97,Null
1733358839827,POST,106,Null
1733358839827,POST,106,Null
1733358839830,POST,103,Null
1733358839827,POST,106,Null
1733358839827,POST,106,Null
1733358839833,POST,100,Null
1733358839812,POST,123,Null
1733358839833,POST,102,Null
1733358839827,POST,123,Null
1733358839930,POST,20,200
1733358839855,POST,95,Null
1733358839854,POST,99,Null
1733358839858,POST,95,Null
1733358839855,POST,98,Null
1733358839850,POST,103,Null
1733358839849,POST,106,Null
1733358839869,POST,99,Null
1733358839950,POST,21,200
1733358839869,POST,102,Null
1733358839875,POST,96,Null
1733358839870,POST,105,Null
1733358839888,POST,88,Null
1733358839955,POST,21,200
1733358839855,POST,121,Null
1733358839880,POST,99,Null
1733358839890,POST,101,Null
1733358839891,POST,108,Null
1733358839891,POST,108,Null
1733358839902,POST,100,Null
1733358839909,POST,97,Null
1733358839913,POST,96,Null
1733358839924,POST,96,Null
1733358839933,POST,95,Null
1733358839933,POST,95,Null
1733358839930,POST,98,Null
1733358839933,POST,102,Null
1733358839933,POST,109,Null
1733358839935,POST,107,Null
1733358839933,POST,109,Null
1733358839935,POST,112,Null
1733358839953,POST,94,Null
1733358839933,POST,115,Null
1733358839950,POST,98,Null
1733358839912,POST,136,Null
1733358839950,POST,99,Null
1733358839953,POST,96,Null
1733358839953,POST,96,Null
1733358839953,POST,111,Null
1733358839968,POST,101,Null
1733358839971,POST,98,Null
1733358839971,POST,98,Null
1733358839971,POST,98,Null
1733358839976,POST,101,Null
1733358839991,POST,95,Null
1733358839979,POST,112,Null
1733358839975,POST,116,Null
1733358839976,POST,115,Null
1733358839976,POST,115,Null
1733358840069,POST,22,200
1733358840069,POST,24,200
1733358839999,POST,108,Null
1733358840009,POST,101,Null
1733358840006,POST,109,Null
1733358840002,POST,113,Null
1733358840091,POST,24,200
1733358839999,POST,116,Null
1733358840028,POST,101,Null
1733358840028,POST,101,Null
1733358840020,POST,115,Null
1733358840028,POST,107,Null
1733358840115,POST,20,200
1733358840042,POST,105,Null
1733358840042,POST,105,Null
1733358840047,POST,100,Null
1733358840047,POST,102,Null
1733358840042,POST,107,Null
1733358840035,POST,117,Null
1733358840048,POST,104,Null
1733358840048,POST,104,Null
1733358840049,POST,109,Null
1733358840048,POST,110,Null
1733358840049,POST,109,Null
1733358840049,POST,111,Null
1733358840064,POST,101,Null
1733358840149,POST,20,200
1733358840152,POST,19,200
1733358840069,POST,108,Null
1733358840077,POST,100,Null
1733358840091,POST,98,Null
1733358840091,POST,98,Null
1733358840086,POST,103,Null
1733358840069,POST,120,Null
1733358840093,POST,97,Null
1733358840091,POST,99,Null
1733358840091,POST,108,Null
1733358840107,POST,104,Null
1733358840189,POST,22,200
1733358840189,POST,22,200
1733358840190,POST,21,200
1733358840115,POST,103,Null
1733358840115,POST,104,Null
1733358840115,POST,104,Null
1733358840110,POST,113,Null
1733358840129,POST,101,Null
1733358840129,POST,104,Null
1733358840211,POST,22,200
1733358840135,POST,111,Null
1733358840135,POST,111,Null
1733358840135,POST,111,Null
1733358840147,POST,99,Null
1733358840147,POST,99,Null
1733358840152,POST,99,Null
1733358840152,POST,99,Null
1733358840149,POST,102,Null
1733358840233,POST,28,200
1733358840147,POST,114,Null
1733358840158,POST,109,Null
1733358840158,POST,109,Null
1733358840158,POST,109,Null
1733358840169,POST,102,Null
1733358840171,POST,100,Null
1733358840251,POST,20,200
1733358840165,POST,107,Null
1733358840160,POST,113,Null
1733358840177,POST,110,Null
1733358840177,POST,110,Null
1733358840189,POST,104,Null
1733358840189,POST,104,Null
1733358840211,POST,96,Null
1733358840211,POST,101,Null
1733358840287,POST,25,200
1733358840211,POST,101,Null
1733358840199,POST,113,Null
1733358840190,POST,122,Null
1733358840219,POST,108,Null
1733358840223,POST,104,Null
1733358840218,POST,110,Null
1733358840219,POST,109,Null
1733358840230,POST,102,Null
1733358840246,POST,102,Null
1733358840251,POST,97,Null
1733358840233,POST,115,Null
1733358840251,POST,97,Null
1733358840246,POST,104,Null
1733358840246,POST,105,Null
1733358840246,POST,105,Null
1733358840332,POST,24,200
1733358840246,POST,110,Null
1733358840271,POST,95,Null
1733358840261,POST,105,Null
1733358840261,POST,105,Null
1733358840273,POST,97,Null
1733358840267,POST,106,Null
1733358840267,POST,108,Null
1733358840271,POST,104,Null
1733358840271,POST,109,Null
1733358840267,POST,113,Null
1733358840272,POST,109,Null
1733358840287,POST,99,Null
1733358840293,POST,99,Null
1733358840293,POST,99,Null
1733358840373,POST,22,200
1733358840375,POST,22,200
1733358840307,POST,100,Null
1733358840392,POST,20,200
1733358840312,POST,100,Null
1733358840312,POST,102,Null
1733358840312,POST,107,Null
1733358840312,POST,107,Null
1733358840312,POST,113,Null
1733358840328,POST,104,Null
1733358840328,POST,109,Null
1733358840327,POST,110,Null
1733358840327,POST,125,Null
1733358840348,POST,104,Null
1733358840425,POST,27,200
1733358840351,POST,101,Null
1733358840348,POST,104,Null
1733358840351,POST,108,Null
1733358840350,POST,109,Null
1733358840366,POST,106,Null
1733358840370,POST,102,Null
1733358840366,POST,106,Null
1733358840348,POST,124,Null
1733358840356,POST,118,Null
1733358840366,POST,108,Null
1733358840356,POST,118,Null
1733358840452,POST,23,200
1733358840348,POST,127,Null
1733358840386,POST,104,Null
1733358840392,POST,98,Null
1733358840381,POST,109,Null
1733358840375,POST,115,Null
1733358840380,POST,110,Null
1733358840474,POST,23,200
1733358840395,POST,119,Null
1733358840397,POST,117,Null
1733358840380,POST,134,Null
1733358840412,POST,102,Null
1733358840412,POST,102,Null
1733358840490,POST,24,200
1733358840414,POST,107,Null
1733358840407,POST,114,Null
1733358840432,POST,100,Null
1733358840419,POST,113,Null
1733358840419,POST,116,Null
1733358840514,POST,24,200
1733358840437,POST,107,Null
1733358840437,POST,108,Null
1733358840521,POST,24,200
1733358840452,POST,102,Null
1733358840452,POST,102,Null
1733358840452,POST,113,Null
1733358840459,POST,107,Null
1733358840452,POST,114,Null
1733358840459,POST,107,Null
1733358840472,POST,100,Null
1733358840472,POST,101,Null
1733358840554,POST,20,200
1733358840472,POST,102,Null
1733358840475,POST,100,Null
1733358840475,POST,100,Null
1733358840474,POST,112,Null
1733358840474,POST,112,Null
1733358840565,POST,23,200
1733358840490,POST,105,Null
1733358840490,POST,105,Null
1733358840490,POST,105,Null
1733358840472,POST,123,Null
1733358840514,POST,97,Null
1733358840497,POST,114,Null
1733358840490,POST,127,Null
1733358840514,POST,104,Null
1733358840514,POST,104,Null
1733358840514,POST,104,Null
1733358840521,POST,108,Null
1733358840532,POST,105,Null
1733358840532,POST,105,Null
1733358840535,POST,109,Null
1733358840538,POST,106,Null
1733358840545,POST,105,Null
1733358840544,POST,106,Null
1733358840514,POST,143,Null
1733358840554,POST,104,Null
1733358840545,POST,115,Null
1733358840572,POST,108,Null
1733358840573,POST,107,Null
1733358840566,POST,114,Null
1733358840574,POST,106,Null
1733358840575,POST,105,Null
1733358840566,POST,114,Null
1733358840566,POST,116,Null
1733358840574,POST,108,Null
1733358840588,POST,97,Null
1733358840575,POST,110,Null
1733358840595,POST,102,Null
1733358840586,POST,111,Null
1733358840595,POST,103,Null
1733358840595,POST,106,Null
1733358840595,POST,109,Null
1733358840586,POST,118,Null
1733358840618,POST,100,Null
1733358840617,POST,101,Null
1733358840618,POST,102,Null
1733358840698,POST,22,200
1733358840611,POST,113,Null
1733358840637,POST,102,Null
1733358840611,POST,128,Null
1733358840629,POST,110,Null
1733358840637,POST,109,Null
1733358840644,POST,102,Null
1733358840618,POST,137,Null
1733358840650,POST,105,Null
1733358840650,POST,110,Null
1733358840644,POST,116,Null
1733358840657,POST,106,Null
1733358840739,POST,24,200
1733358840660,POST,107,Null
1733358840680,POST,95,Null
1733358840680,POST,99,Null
1733358840658,POST,121,Null
1733358840680,POST,99,Null
1733358840680,POST,102,Null
1733358840680,POST,102,Null
1733358840682,POST,107,Null
1733358840685,POST,104,Null
1733358840682,POST,107,Null
1733358840680,POST,109,Null
1733358840685,POST,110,Null
1733358840697,POST,101,Null
1733358840701,POST,101,Null
1733358840697,POST,112,Null
1733358840704,POST,105,Null
1733358840704,POST,106,Null
1733358840720,POST,99,Null
1733358840718,POST,101,Null
1733358840718,POST,103,Null
1733358840720,POST,101,Null
1733358840724,POST,107,Null
1733358840739,POST,98,Null
1733358840739,POST,99,Null
1733358840760,POST,91,Null
1733358840755,POST,96,Null
1733358840755,POST,96,Null
1733358840746,POST,106,Null
1733358840746,POST,106,Null
1733358840763,POST,93,Null
1733358840760,POST,96,Null
1733358840763,POST,104,Null
1733358840775,POST,100,Null
1733358840779,POST,96,Null
1733358840767,POST,108,Null
1733358840779,POST,96,Null
1733358840779,POST,105,Null
1733358840789,POST,100,Null
1733358840782,POST,107,Null
1733358840782,POST,108,Null
1733358840795,POST,101,Null
1733358840789,POST,108,Null
1733358840798,POST,101,Null
1733358840875,POST,24,200
1733358840789,POST,110,Null
1733358840789,POST,110,Null
1733358840867,POST,35,200
1733358840802,POST,100,Null
1733358840884,POST,18,200
1733358840889,POST,22,200
1733358840819,POST,97,Null
1733358840810,POST,106,Null
1733358840819,POST,99,Null
1733358840809,POST,112,Null
1733358840899,POST,24,200
1733358840821,POST,107,Null
1733358840821,POST,107,Null
1733358840916,POST,22,200
1733358840809,POST,129,Null
1733358840831,POST,113,Null
1733358840838,POST,106,Null
1733358840928,POST,20,200
1733358840851,POST,100,Null
1733358840851,POST,106,Null
1733358840852,POST,105,Null
1733358840856,POST,101,Null
1733358840856,POST,101,Null
1733358840852,POST,105,Null
1733358840851,POST,112,Null
1733358840838,POST,125,Null
1733358840875,POST,104,Null
1733358840875,POST,104,Null
1733358840875,POST,108,Null
1733358840890,POST,96,Null
1733358840897,POST,89,Null
1733358840896,POST,96,Null
1733358840889,POST,103,Null
1733358840899,POST,106,Null
1733358840899,POST,106,Null
1733358840902,POST,103,Null
1733358840902,POST,110,Null
1733358840902,POST,110,Null
1733358840899,POST,115,Null
1733358840911,POST,103,Null
1733358840916,POST,101,Null
1733358840921,POST,105,Null
1733358841012,POST,18,200
1733358840938,POST,99,Null
1733358840918,POST,121,Null
1733358840938,POST,101,Null
1733358840923,POST,116,Null
1733358840928,POST,111,Null
1733358840944,POST,103,Null
1733358840944,POST,103,Null
1733358840957,POST,100,Null
1733358840957,POST,102,Null
1733358840957,POST,102,Null
1733358840957,POST,102,Null
1733358840957,POST,102,Null
1733358840951,POST,108,Null
1733358840963,POST,98,Null
1733358840948,POST,113,Null
1733358840963,POST,106,Null
1733358840979,POST,101,Null
1733358840979,POST,102,Null
1733358841059,POST,24,200
1733358840986,POST,102,Null
1733358840986,POST,102,Null
1733358840985,POST,104,Null
1733358840992,POST,109,Null
1733358841081,POST,20,200
1733358840992,POST,112,Null
1733358841005,POST,112,Null
1733358841005,POST,112,Null
1733358841088,POST,29,200
1733358841005,POST,112,Null
1733358841012,POST,105,Null
1733358841014,POST,110,Null
1733358841104,POST,20,200
1733358841014,POST,112,Null
1733358841031,POST,104,Null
1733358841026,POST,113,Null
1733358841037,POST,102,Null
1733358841039,POST,104,Null
1733358841039,POST,104,Null
1733358841039,POST,104,Null
1733358841017,POST,126,Null
1733358841039,POST,107,Null
1733358841135,POST,21,200
1733358841047,POST,113,Null
1733358841061,POST,99,Null
1733358841059,POST,101,Null
1733358841047,POST,113,Null
1733358841059,POST,104,Null
1733358841059,POST,106,Null
1733358841059,POST,106,Null
1733358841061,POST,104,Null
1733358841069,POST,111,Null
1733358841160,POST,20,200
1733358841080,POST,100,Null
1733358841057,POST,129,Null
1733358841165,POST,21,200
1733358841083,POST,103,Null
1733358841089,POST,99,Null
1733358841088,POST,109,Null
1733358841101,POST,104,Null
1733358841101,POST,104,Null
1733358841186,POST,21,200
1733358841117,POST,90,Null
1733358841186,POST,21,200
1733358841117,POST,92,Null
1733358841117,POST,100,Null
1733358841124,POST,93,Null
1733358841117,POST,100,Null
1733358841117,POST,100,Null
1733358841124,POST,96,Null
1733358841197,POST,23,200
1733358841126,POST,103,Null
1733358841209,POST,20,200
1733358841139,POST,98,Null
1733358841139,POST,98,Null
1733358841143,POST,94,Null
1733358841160,POST,98,Null
1733358841143,POST,115,Null
1733358841143,POST,115,Null
1733358841146,POST,112,Null
1733358841217,POST,41,200
1733358841143,POST,115,Null
1733358841217,POST,45,200
1733358841180,POST,102,Null
1733358841165,POST,117,Null
1733358841165,POST,117,Null
1733358841160,POST,122,Null
1733358841156,POST,126,Null
1733358841163,POST,119,Null
1733358841180,POST,102,Null
1733358841258,POST,27,200
1733358841160,POST,125,Null
1733358841188,POST,117,Null
1733358841186,POST,133,Null
1733358841180,POST,144,Null
1733358841205,POST,119,Null
1733358841207,POST,117,Null
1733358841217,POST,107,Null
1733358841207,POST,120,Null
1733358841207,POST,120,Null
1733358841205,POST,122,Null
1733358841217,POST,110,Null
1733358841220,POST,124,Null
1733358841229,POST,119,Null
1733358841229,POST,119,Null
1733358841237,POST,111,Null
1733358841220,POST,128,Null
1733358841237,POST,128,Null
1733358841258,POST,107,Null
1733358841262,POST,103,Null
1733358841258,POST,107,Null
1733358841237,POST,128,Null
1733358841258,POST,110,Null
1733358841258,POST,110,Null
1733358841258,POST,110,Null
1733358841282,POST,102,Null
1733358841365,POST,19,200
1733358841365,POST,19,200
1733358841282,POST,106,Null
1733358841282,POST,106,Null
1733358841285,POST,103,Null
1733358841282,POST,106,Null
1733358841282,POST,106,Null
1733358841285,POST,103,Null
1733358841282,POST,111,Null
1733358841388,POST,19,200
1733358841282,POST,125,Null
1733358841305,POST,107,Null
1733358841319,POST,95,Null
1733358841324,POST,103,Null
1733358841407,POST,21,200
1733358841324,POST,104,Null
1733358841327,POST,103,Null
1733358841327,POST,103,Null
1733358841327,POST,103,Null
1733358841324,POST,106,Null
1733358841324,POST,124,Null
1733358841348,POST,102,Null
1733358841348,POST,103,Null
1733358841348,POST,103,Null
1733358841327,POST,124,Null
1733358841368,POST,102,Null
1733358841365,POST,109,Null
1733358841365,POST,110,Null
1733358841348,POST,127,Null
1733358841365,POST,111,Null
1733358841368,POST,109,Null
1733358841451,POST,26,200
1733358841344,POST,145,Null
1733358841384,POST,105,Null
1733358841384,POST,105,Null
1733358841388,POST,101,Null
1733358841388,POST,105,Null
1733358841388,POST,105,Null
1733358841368,POST,125,Null
1733358841388,POST,105,Null
1733358841388,POST,108,Null
1733358841393,POST,103,Null
1733358841489,POST,19,200
1733358841489,POST,19,200
1733358841407,POST,109,Null
1733358841384,POST,132,Null
1733358841414,POST,105,Null
1733358841412,POST,107,Null
1733358841430,POST,106,Null
1733358841428,POST,108,Null
1733358841428,POST,112,Null
1733358841516,POST,27,200
1733358841427,POST,116,Null
1733358841430,POST,113,Null
1733358841430,POST,113,Null
1733358841430,POST,113,Null
1733358841448,POST,96,Null
1733358841450,POST,108,Null
1733358841470,POST,94,Null
1733358841451,POST,116,Null
1733358841451,POST,123,Null
1733358841477,POST,105,Null
1733358841489,POST,93,Null
1733358841564,POST,25,200
1733358841475,POST,114,Null
1733358841474,POST,115,Null
1733358841477,POST,112,Null
1733358841489,POST,100,Null
1733358841475,POST,119,Null
1733358841493,POST,105,Null
1733358841476,POST,133,Null
1733358841496,POST,113,Null
1733358841496,POST,116,Null
1733358841493,POST,119,Null
1733358841508,POST,104,Null
1733358841493,POST,119,Null
1733358841493,POST,120,Null
1733358841516,POST,100,Null
1733358841519,POST,97,Null
1733358841508,POST,110,Null
1733358841519,POST,112,Null
1733358841536,POST,100,Null
1733358841612,POST,24,200
1733358841543,POST,93,Null
1733358841536,POST,100,Null
1733358841544,POST,110,Null
1733358841543,POST,111,Null
1733358841558,POST,100,Null
1733358841540,POST,118,Null
1733358841543,POST,115,Null
1733358841543,POST,118,Null
1733358841543,POST,118,Null
1733358841567,POST,108,Null
1733358841582,POST,94,Null
1733358841582,POST,94,Null
1733358841574,POST,110,Null
1733358841594,POST,101,Null
1733358841589,POST,106,Null
1733358841589,POST,106,Null
1733358841598,POST,97,Null
1733358841676,POST,22,200
1733358841589,POST,113,Null
1733358841589,POST,118,Null
1733358841589,POST,118,Null
1733358841609,POST,103,Null
1733358841609,POST,106,Null
1733358841616,POST,99,Null
1733358841616,POST,103,Null
1733358841618,POST,101,Null
1733358841613,POST,107,Null
1733358841612,POST,108,Null
1733358841612,POST,114,Null
1733358841612,POST,115,Null
1733358841707,POST,21,200
1733358841636,POST,94,Null
1733358841636,POST,94,Null
1733358841715,POST,22,200
1733358841631,POST,106,Null
1733358841636,POST,101,Null
1733358841636,POST,112,Null
1733358841658,POST,99,Null
1733358841658,POST,100,Null
1733358841654,POST,105,Null
1733358841654,POST,109,Null
1733358841658,POST,111,Null
1733358841661,POST,108,Null
1733358841737,POST,39,200
1733358841676,POST,102,Null
1733358841675,POST,104,Null
1733358841759,POST,24,200
1733358841695,POST,91,Null
1733358841661,POST,125,Null
1733358841685,POST,101,Null
1733358841695,POST,100,Null
1733358841695,POST,104,Null
1733358841695,POST,104,Null
1733358841698,POST,107,Null
1733358841702,POST,106,Null
1733358841712,POST,96,Null
1733358841715,POST,99,Null
1733358841799,POST,20,200
1733358841720,POST,106,Null
1733358841707,POST,119,Null
1733358841720,POST,106,Null
1733358841719,POST,107,Null
1733358841719,POST,107,Null
1733358841727,POST,102,Null
1733358841808,POST,21,200
1733358841730,POST,99,Null
1733358841726,POST,109,Null
1733358841730,POST,105,Null
1733358841737,POST,98,Null
1733358841737,POST,102,Null
1733358841728,POST,112,Null
1733358841748,POST,100,Null
1733358841826,POST,25,200
1733358841839,POST,20,200
1733358841757,POST,103,Null
1733358841758,POST,102,Null
1733358841763,POST,109,Null
1733358841769,POST,103,Null
1733358841776,POST,104,Null
1733358841779,POST,101,Null
1733358841778,POST,107,Null
1733358841860,POST,25,200
1733358841786,POST,105,Null
1733358841769,POST,122,Null
1733358841786,POST,107,Null
1733358841786,POST,107,Null
1733358841783,POST,111,Null
1733358841795,POST,104,Null
1733358841799,POST,100,Null
1733358841885,POST,20,200
1733358841808,POST,103,Null
1733358841805,POST,106,Null
1733358841814,POST,105,Null
1733358841899,POST,20,200
1733358841820,POST,108,Null
1733358841826,POST,105,Null
1733358841829,POST,102,Null
1733358841826,POST,105,Null
1733358841829,POST,102,Null
1733358841826,POST,105,Null
1733358841826,POST,105,Null
1733358841829,POST,106,Null
1733358841835,POST,102,Null
1733358841835,POST,102,Null
1733358841835,POST,106,Null
1733358841840,POST,106,Null
1733358841928,POST,20,200
1733358841848,POST,105,Null
1733358841851,POST,102,Null
1733358841937,POST,22,200
1733358841872,POST,106,Null
1733358841872,POST,106,Null
1733358841880,POST,98,Null
1733358841860,POST,118,Null
1733358841860,POST,118,Null
1733358841880,POST,98,Null
1733358841891,POST,100,Null
1733358841885,POST,106,Null
1733358841891,POST,101,Null
1733358841893,POST,104,Null
1733358841899,POST,98,Null
1733358841893,POST,107,Null
1733358841894,POST,106,Null
1733358841911,POST,101,Null
1733358841905,POST,107,Null
1733358841919,POST,99,Null
1733358841919,POST,99,Null
1733358841911,POST,107,Null
1733358841931,POST,101,Null
1733358841931,POST,101,Null
1733358842012,POST,20,200
1733358841931,POST,101,Null
1733358841931,POST,102,Null
1733358841937,POST,102,Null
1733358841931,POST,108,Null
1733358841931,POST,110,Null
1733358841941,POST,100,Null
1733358841948,POST,105,Null
1733358841953,POST,100,Null
1733358841946,POST,107,Null
1733358841953,POST,100,Null
1733358842033,POST,22,200
1733358841959,POST,98,Null
1733358841935,POST,128,Null
1733358841978,POST,98,Null
1733358841978,POST,98,Null
1733358841978,POST,100,Null
1733358841978,POST,100,Null
1733358841978,POST,103,Null
1733358841978,POST,103,Null
1733358841991,POST,105,Null
1733358841997,POST,99,Null
1733358841997,POST,99,Null
1733358841992,POST,104,Null
1733358842078,POST,20,200
1733358841991,POST,107,Null
1733358842000,POST,106,Null
1733358842000,POST,106,Null
1733358842018,POST,99,Null
1733358842018,POST,99,Null
1733358842012,POST,108,Null
1733358842018,POST,108,Null
1733358842032,POST,105,Null
1733358842032,POST,105,Null
1733358842039,POST,102,Null
1733358842032,POST,109,Null
1733358842032,POST,109,Null
1733358842041,POST,106,Null
1733358842126,POST,21,200
1733358842041,POST,106,Null
1733358842039,POST,108,Null
1733358842055,POST,103,Null
1733358842053,POST,105,Null
1733358842053,POST,105,Null
1733358842053,POST,108,Null
1733358842057,POST,104,Null
1733358842063,POST,98,Null
1733358842053,POST,112,Null
1733358842147,POST,21,200
1733358842076,POST,99,Null
1733358842076,POST,106,Null
1733358842078,POST,107,Null
1733358842081,POST,104,Null
1733358842096,POST,95,Null
1733358842096,POST,106,Null
1733358842081,POST,121,Null
1733358842096,POST,106,Null
1733358842098,POST,104,Null
1733358842096,POST,110,Null
1733358842106,POST,100,Null
1733358842098,POST,114,Null
1733358842191,POST,21,200
1733358842106,POST,106,Null
1733358842117,POST,102,Null
1733358842117,POST,102,Null
1733358842120,POST,115,Null
1733358842212,POST,23,200
1733358842141,POST,98,Null
1733358842137,POST,102,Null
1733358842141,POST,104,Null
1733358842147,POST,98,Null
1733358842141,POST,104,Null
1733358842147,POST,105,Null
1733358842158,POST,95,Null
1733358842161,POST,97,Null
1733358842158,POST,100,Null
1733358842147,POST,111,Null
1733358842137,POST,126,Null
1733358842161,POST,102,Null
1733358842158,POST,105,Null
1733358842168,POST,98,Null
1733358842165,POST,103,Null
1733358842161,POST,107,Null
1733358842175,POST,101,Null
1733358842252,POST,24,200
1733358842182,POST,106,Null
1733358842185,POST,103,Null
1733358842276,POST,19,200
1733358842202,POST,97,Null
1733358842202,POST,101,Null
1733358842202,POST,103,Null
1733358842206,POST,99,Null
1733358842206,POST,104,Null
1733358842185,POST,125,Null
1733358842212,POST,98,Null
1733358842212,POST,99,Null
1733358842202,POST,115,Null
1733358842219,POST,98,Null
1733358842219,POST,100,Null
1733358842235,POST,99,Null
1733358842235,POST,99,Null
1733358842239,POST,100,Null
1733358842239,POST,105,Null
1733358842245,POST,104,Null
1733358842245,POST,107,Null
1733358842245,POST,108,Null
1733358842258,POST,100,Null
1733358842253,POST,105,Null
1733358842263,POST,100,Null
1733358842344,POST,19,200
1733358842258,POST,105,Null
1733358842258,POST,105,Null
1733358842263,POST,100,Null
1733358842263,POST,100,Null
1733358842276,POST,88,Null
1733358842268,POST,106,Null
1733358842266,POST,108,Null
1733358842268,POST,106,Null
